brand,name,price
Shivark,Analog Watch  - For Girls SW-311Combo Pack Of 2 Round P...,?263
LIMESTONE,Bleed Blue Day and Date Functioning Strap Adult Quartz ...,?329
VAN HEUSEN,Analog Watch  - For Women VH000008D,"?1,199"
CASIO,Vintage Digital Watch  - For Men & Women D200 (B650WC-5...,"?4,494"
MICHAEL KORS,PARKER Analog Watch  - For Women MK5896I,"?23,994"
VAN HEUSEN,Analog Watch  - For Women VH000007F,"?1,199"
hala,Digital Watch  - For Boys & Girls Ultra Magenta LED For...,?230
FOGG,1164-BR Brown Day and Date Unique New Analog Watch  - F...,?319
Allen Solly,Analog Watch  - For Men AS000010E,"?1,148"
PETER ENGLAND,Analog Watch  - For Men PE000017D,"?1,167"
Blue Pearl,Analog Watch  - For Girls New Stylish Combo Of 3 Silver...,?382
HINISH,Unisex Waterproof Sport Digital Watch For Men - Women &...,?298
FOSSIL,Izzy Analog Watch  - For Women ES4782,"?6,247"
FOSSIL,Decker Analog Watch  - For Men CH2647,"?4,272"
hala,Combo of 2 Analog Watch Special Summer Collection Analo...,?199
SKMEI,Analog-Digital Watch  - For Boys AD1166,?404
SkyLona,Boys Stylish Attractive And Unique Analog Watch  - For ...,?369
EDDY HAGER,Digital Army Green Sports Digital Watch  - For Men 800,?444
hala,Ultra New Pink Color Strap Electronic Digital Watch  - ...,?230
VAN HEUSEN,Analog Watch  - For Women VH000008C,"?1,199"
LIMESTONE,Day & Date Original HMTS Gold Plated Adjsutable HMTS Br...,?549
Blue Pearl,Analog Watch  - For Girls New Stylish Combo Of 2 Star D...,?280
Titan,Neo Ladies V Analog Watch  - For Women NQ2652SM01,"?2,199"
Titan,Analog Watch  - For Women NK2345YM02,"?1,287"
Fastrack,Minimalists Analog Watch  - For Men 38024PP25,?849
TIMEX,Analog Watch  - For Men TW00ZR347,?679
RUSTET,LD-L144-BLU-CH Silver Mesh Strap Girls Analog Watch  - ...,?299
Shivark,Analog Watch  - For Girls New Designer Pink & Red Strap...,?342
FOSSIL,Stella Analog Watch  - For Women ES4079,"?4,997"
FOSSIL,Briggs Analog Watch  - For Men CH2927I,"?4,997"
SWISSTONE,Analog Watch  - For Women JEWELS068-PNKSLV,?419
EDDY HAGER,Digital Army Sports Analog Watch  - For Men EH-800-BK,?444
Allen Solly,Analog Watch  - For Women AS000015G,"?1,170"
FOGG,2046-BK Day and Date Analog Watch  - For Men 2046-BK,?319
Carnaer,Analog Watch  - For Men Trendy Stylish Sports Casual Lu...,"?2,499"
Fastrack,Kronos Analog Watch  - For Men 3287QM04,"?3,247"
A/X ARMANI EXCHANGE,Analog Watch  - For Women AX4603,"?8,494"
RUSTET,LD-L22-SLV-CH Silver Mesh Strap Girls Analog Watch  - F...,?324
Titan,Analog Watch  - For Men NP1773SM01,"?1,297"
SONATA,Volt Analog Watch  - For Men 77085PP04,?435
